V1,V2,V3,V4,V5,V6,V7,V8,V9,V10,Q32,Q31,Q36_1,Q36_2,Q36_3,Q36_4,Q20,Q22,Q24,Q26,Q28,Q30,Q32,Q34,T_race,T_gender,T_behavior,Q11_1,Q11_2,Q11_3,Q11_4,Q13_1,Q14_1,Q36,Q38,Q38_TEXT,manipcheck,Q40,Q42,Q17,Q17_TEXT,Q19,Q21,Q21_TEXT,Q23,Q25,Q27,Q29,LocationLatitude,LocationLongitude,LocationAccuracy
R_psheh5k5pVdEyU9,Default Response Set,Anonymous,,,171.66.215.4,0,2/25/17 17:25,2/25/17 17:27,1,1,1,0,0,32.074,0,,,,,,,1,,2,1,1,5,5,5,5,6,4,1,2,,0,3,LBS,1,,43,1,,5,1,2,2,37.4178009,-122.1719971,-1
R_1GVR8CTF1lFM4c2,Default Response Set,Anonymous,,,171.66.215.4,0,2/25/17 17:27,2/25/17 17:30,1,1,1,0,0,152.733,0,,1,,,,,,,1,2,2,6,5,6,6,7,4,1,1,,0,3,LBS,2,,55,2,,3,2,4,2,37.4178009,-122.1719971,-1
R_9tYi2OyOmT3CeuR,Default Response Set,Anonymous,,,171.66.215.4,0,2/25/17 17:30,2/25/17 17:32,1,1,1,39.813,39.813,40.337,1,,,1,,,,,,2,2,1,4,4,7,5,5,3,1,2,,0,3,LBS,3,,56,2,,7,4,3,5,37.4178009,-122.1719971,-1
R_DFVPAPd7HNvLrKF,Default Response Set,Anonymous,,,171.66.215.4,0,2/25/17 17:32,2/25/17 17:34,1,1,1,0,0,61.383,0,,,,1,,,,,2,2,2,3,6,5,7,8,5,1,1,,1,3,LBS,1,,35,1,,7,5,4,2,37.4178009,-122.1719971,-1
R_1Duvmm4sFLHo8Y9,Default Response Set,Anonymous,,,171.66.215.4,0,2/25/17 17:34,2/25/17 17:35,1,1,1,0,0,77.335,0,1,,,,,,,,1,2,1,5,4,6,6,6,4,1,1,,0,3,LBS,3,,54,1,,2,1,5,6,37.4178009,-122.1719971,-1
R_xi5E3CGTMZfGXwB,Default Response Set,Anonymous,,,171.66.215.4,0,2/25/17 17:36,2/25/17 17:42,1,1,1,0,0,240.016,0,,,,,1,,,,1,1,1,3,6,5,5,4,4,1,1,,0,2,USC,3,,22,1,,4,3,4,2,37.4178009,-122.1719971,-1
R_2UWvWFLvJrqfHG4,Default Response Set,Anonymous,,,171.66.215.4,0,2/25/17 17:42,2/25/17 17:43,1,1,1,0,0,31.461,0,,,,,,1,,,1,1,2,3,5,7,4,7,4,1,2,,1,2,LBS,4,,24,1,,3,4,5,6,37.4178009,-122.1719971,-1
R_12yhq82fbdgj7Mk,Default Response Set,Anonymous,,,171.66.215.4,0,2/25/17 17:43,2/25/17 17:48,1,1,1,0,0,132.292,0,,,,,,,,1,2,1,2,4,7,4,6,5,5,1,3,,1,3,LBS,3,,35,2,,3,4,3,5,37.4178009,-122.1719971,-1